[
    {
        "key": "group_5dc270f24c2ce",
        "title": "Product Custom Fields",
        "fields": [
            {
                "key": "field_5dc2711914fc6",
                "label": "Exam Type",
                "name": "exam_type",
                "type": "select",
                "instructions": "",
                "required": 0,
                "conditional_logic": 0,
                "wrapper": {
                    "width": "",
                    "class": "",
                    "id": ""
                },
                "choices": {
                    "11": "11",
                    "22": "22",
                    "33": "33",
                    "44": "44"
                },
                "default_value": [],
                "allow_null": 0,
                "multiple": 0,
                "ui": 0,
                "ajax": 0,
                "return_format": "value",
                "placeholder": ""
            },
            {
                "key": "field_5dc271be61426",
                "label": "Exam Location",
                "name": "exam_location",
                "type": "select",
                "instructions": "",
                "required": 0,
                "conditional_logic": 0,
                "wrapper": {
                    "width": "",
                    "class": "",
                    "id": ""
                },
                "choices": {
                    "11": "11",
                    "22": "22",
                    "33": "33"
                },
                "default_value": [],
                "allow_null": 0,
                "multiple": 0,
                "ui": 0,
                "ajax": 0,
                "return_format": "value",
                "placeholder": ""
            },
            {
                "key": "field_5dc271e53289d",
                "label": "Exam Date",
                "name": "exam_date",
                "type": "date_picker",
                "instructions": "",
                "required": 0,
                "conditional_logic": 0,
                "wrapper": {
                    "width": "",
                    "class": "",
                    "id": ""
                },
                "display_format": "d\/m\/Y",
                "return_format": "d\/m\/Y",
                "first_day": 1
            }
        ],
        "location": [
            [
                {
                    "param": "post_type",
                    "operator": "==",
                    "value": "product"
                }
            ]
        ],
        "menu_order": 0,
        "position": "normal",
        "style": "default",
        "label_placement": "top",
        "instruction_placement": "label",
        "hide_on_screen": "",
        "active": 1,
        "description": ""
    }
]